test_idx,nn_distance,shap_cosine_sim,lime_cosine_sim,shap_top6_overlap,shap_sign_agreement,shap_rank_corr
35944,1.1145,0.9962,0.9203,0.8333,0.9444,0.9248
3030,0.0334,0.9982,0.9091,0.8333,0.8889,0.9233
39232,1.8284,0.9822,0.8311,1.0,0.9412,0.9654
10488,0.0461,0.9993,0.9264,1.0,0.8889,0.9579
28614,0.0031,0.9974,0.9683,1.0,1.0,0.9805
32959,0.0,0.9987,0.9213,1.0,1.0,0.9639
5634,0.0008,0.9988,0.9124,0.8333,0.8947,0.9023
17891,1.0422,0.9955,0.8276,1.0,0.8333,0.994
8078,0.001,0.9983,0.9705,0.8333,0.8333,0.7985
38910,0.6422,0.9901,0.4782,0.8333,0.9474,0.9489
34297,0.2809,0.9955,0.9455,1.0,0.8333,0.9639
4127,0.001,0.9975,0.9576,1.0,0.8421,0.9684
7211,0.0,0.9988,0.887,0.8333,1.0,0.9368
16496,0.0373,0.9993,0.9412,0.8333,1.0,0.9459
21978,0.052,0.9953,0.9435,1.0,0.9444,0.985
17628,0.0006,0.9989,0.9049,0.8333,0.9474,0.9053
38775,0.0009,0.9984,0.934,0.8333,0.8421,0.9143
27087,0.0001,0.9991,0.9628,0.8333,0.9474,0.9789
21838,0.7301,0.9973,0.9486,1.0,0.9444,0.9609
6790,0.0277,0.9983,0.9823,1.0,1.0,0.9805
27660,0.7883,0.999,0.9275,0.8333,0.8889,0.9293
12742,0.0863,0.9988,0.9633,0.8333,0.8947,0.8992
7718,0.0278,0.9986,0.9181,0.8333,0.9474,0.9714
5912,0.0028,0.9976,0.9756,1.0,1.0,0.9865
24521,0.043,0.9973,0.9381,1.0,0.8947,0.8677
22177,0.003,0.9983,0.9175,1.0,0.95,0.9774
7466,0.0009,0.9992,0.9422,0.8333,0.8947,0.9398
31683,0.0,0.9952,0.9788,1.0,1.0,0.9143
24575,0.6377,0.9873,0.9769,0.8333,0.8333,0.9038
9159,0.0335,0.9976,0.9392,1.0,1.0,0.982
34499,0.331,0.3477,0.9705,0.3333,0.9,0.6586
3879,0.4524,0.9907,0.8315,1.0,0.8889,0.9835
10953,0.2867,0.9985,0.9763,0.8333,0.8421,0.9774
14808,2.2368,0.2214,0.884,0.6667,0.8333,0.7774
8420,0.0191,0.9992,0.9399,1.0,1.0,0.9068
33970,0.0009,0.9993,0.9356,0.8333,0.9444,0.9188
26882,0.0003,0.9999,0.9734,0.8333,0.8889,0.9594
22292,0.0002,0.9995,0.961,1.0,0.9474,0.9444
11732,1.2361,0.9952,0.8048,1.0,0.8824,0.988
26650,0.0028,0.998,0.962,1.0,1.0,0.982
8356,1.1328,0.9807,0.4428,0.8333,0.8421,0.9594
19287,0.0505,0.9891,0.9067,1.0,0.8889,0.9579
7807,0.0003,0.999,0.9257,0.8333,0.8947,0.9654
20436,0.0001,0.9938,0.935,0.8333,0.8889,0.9353
37775,0.0001,0.9985,0.9753,0.8333,0.9474,0.9338
20361,0.0001,0.996,0.8981,1.0,0.9474,0.9669
5045,0.1506,0.9971,0.9568,1.0,0.8889,0.982
9907,0.0306,0.9988,0.9416,1.0,0.9444,0.9579
17118,0.0356,0.998,0.9441,0.8333,0.8889,0.9143
8045,0.0331,0.9988,0.9494,0.8333,0.9474,0.9263
15548,0.0,0.9992,0.9526,0.8333,0.9444,0.9774
2439,4.9871,0.9965,0.1448,1.0,0.8889,0.9338
25194,0.036,0.9991,0.9179,1.0,0.8889,0.9579
34645,0.0003,0.9986,0.9625,0.8333,0.9474,0.9459
30623,0.8375,0.9964,0.9479,0.8333,0.8889,0.9744
32684,0.0,0.999,0.938,1.0,0.95,0.9308
1424,0.0008,0.9992,0.9212,0.8333,0.8947,0.8451
12524,0.171,0.9982,0.926,0.8333,0.9474,0.8992
16981,0.0215,0.9988,0.9694,0.8333,0.9444,0.9759
39923,0.0009,0.9974,0.9444,1.0,0.8333,0.9489
8553,0.0001,0.9993,0.9671,0.8333,0.9444,0.9549
38484,11.4008,0.9979,0.0,0.8333,0.8947,0.9218
29830,1.4749,0.9937,0.8811,0.8333,0.9444,0.9699
15436,0.0876,0.9994,0.9336,1.0,0.9444,0.9549
14413,0.0001,0.9981,0.9257,1.0,0.8947,0.9654
3752,0.0001,0.9995,0.9315,0.8333,0.8889,0.9835
34005,0.0003,0.9966,0.9547,1.0,1.0,0.985
11011,0.001,0.9982,0.9258,0.8333,0.8947,0.9143
13478,0.0207,0.9985,0.9182,0.8333,0.8889,0.9789
35355,0.0438,0.999,0.958,1.0,0.8333,0.9669
3105,0.0026,0.9991,0.9491,0.8333,0.95,0.8316
31577,0.0001,0.9989,0.9515,1.0,0.8889,0.982
38960,0.003,0.9965,0.9116,0.8333,1.0,0.982
20703,1.1551,0.9946,0.9177,1.0,0.8889,0.9083
25512,0.0864,0.9987,0.9524,1.0,1.0,0.9699
13323,0.0008,0.9977,0.9267,1.0,0.8889,0.9459
18835,0.0005,0.9994,0.9497,1.0,0.8889,0.9789
6614,0.0259,0.9985,0.9568,1.0,0.8889,0.9519
20859,1.8524,0.0206,0.8011,0.8333,0.5789,0.9248
13744,0.0009,0.9989,0.9469,0.8333,0.8421,0.9083
6346,0.3341,0.9919,0.8476,0.8333,0.9444,0.982
33032,0.0001,0.9993,0.9561,1.0,0.9444,0.9759
38158,0.0021,0.9985,0.9569,1.0,0.9474,0.8812
6544,0.0,0.9995,0.9299,0.8333,0.8889,0.9278
27220,0.0008,0.9968,0.9535,1.0,0.8421,0.9158
7097,0.0238,0.9988,0.9396,0.8333,0.8333,0.9128
30039,0.001,0.9979,0.9713,0.8333,0.7895,0.9414
37844,1.4241,0.9956,0.9283,1.0,0.8421,0.9383
10535,0.0097,0.9977,0.9585,0.8333,0.9444,0.9774
36298,0.0323,0.9981,0.9533,1.0,0.9474,0.985
38267,6.7155,0.4093,0.6272,0.6667,0.6667,0.7789
35774,0.0007,0.999,0.9559,1.0,0.9474,0.9429
38264,0.0325,0.9989,0.9162,1.0,0.8889,0.9143
32025,0.0001,0.9984,0.9701,1.0,0.9444,0.9609
28119,0.0529,0.9962,0.9245,1.0,0.9444,0.8782
18861,0.0021,0.9969,0.9419,0.8333,1.0,0.9158
16205,1.3683,0.989,0.9605,0.8333,0.9444,0.9218
19325,0.0414,0.9996,0.9396,0.8333,0.8889,0.9549
1226,0.0147,0.9987,0.9514,1.0,1.0,0.8722
10459,0.0057,0.9988,0.8818,1.0,1.0,0.9158
32589,0.0008,0.9987,0.897,0.8333,0.9444,0.9203
34456,0.0018,0.9977,0.9705,0.8333,0.8333,0.8496
22631,0.0008,0.9976,0.9542,0.8333,0.8421,0.9459
2198,0.0001,0.9966,0.9411,1.0,0.8421,0.9489
10612,0.001,0.9987,0.9261,0.8333,0.9444,0.8797
6127,0.0001,0.996,0.9155,0.8333,0.9444,0.9414
24328,0.0001,0.9969,0.95,0.8333,0.8889,0.9594
34852,0.0079,0.9989,0.9533,1.0,0.9474,0.9188
38145,3.4533,0.7407,0.9392,0.8333,0.6667,0.8782
5600,0.002,0.9958,0.9828,0.8333,1.0,0.8617
37307,0.002,0.9956,0.9611,0.8333,1.0,0.8361
10403,0.0001,0.9989,0.9591,1.0,0.8889,0.9414
19082,0.0,0.9982,0.9381,0.8333,0.9444,0.9594
20161,0.0152,0.9968,0.9551,0.8333,0.9444,0.988
25730,0.0001,0.9996,0.9694,1.0,0.8889,0.9744
8521,0.0008,0.9981,0.9318,0.8333,0.8333,0.9098
10399,0.0,0.9989,0.875,1.0,1.0,0.9714
8883,0.0001,0.9959,0.9596,0.8333,0.9444,0.9579
3013,0.0779,0.998,0.9704,0.8333,0.8889,0.9609
26223,0.0,0.9957,0.9141,1.0,0.9444,0.9338
39034,1.252,0.9918,0.9138,0.8333,0.8889,0.9263
19182,0.0489,0.9965,0.9422,1.0,0.8947,0.9684
2701,0.043,0.9983,0.9499,1.0,0.9444,0.9805
8235,0.909,0.9956,0.9367,0.8333,0.8889,0.8737
29666,0.199,0.9968,0.9717,0.8333,0.8889,0.9729
8970,0.5584,0.9948,0.9155,0.8333,0.9444,0.9564
20999,0.3233,0.9962,0.9543,0.8333,0.9474,0.9729
28982,0.0001,0.9987,0.9697,0.8333,0.8889,0.9368
9798,0.1153,0.9886,0.8168,0.8333,0.8889,0.9774
1990,0.5917,0.9895,0.8786,0.8333,0.9474,0.8887
16758,0.0217,0.9976,0.969,1.0,1.0,0.9865
16314,0.0009,0.999,0.9339,0.8333,0.8889,0.9188
36663,0.0131,0.9991,0.9211,0.8333,0.8889,0.9594
32816,0.0474,0.998,0.9152,1.0,0.8333,0.9564
21953,0.0026,0.9962,0.9824,1.0,0.9474,0.8466
26870,0.0319,0.9985,0.8636,0.8333,0.8889,0.8466
2114,0.0243,0.9983,0.909,0.8333,0.8333,0.9278
10353,0.3662,0.9979,0.9715,0.6667,0.8421,0.9519
19107,0.0278,0.9972,0.903,1.0,1.0,0.9609
25500,0.0001,0.9966,0.9404,1.0,0.9444,0.9699
14717,0.0,0.998,0.9499,0.8333,0.9444,0.9519
16457,0.0003,0.998,0.9446,0.8333,1.0,0.9865
27959,0.0021,0.998,0.9251,1.0,0.8947,0.9068
2179,0.8797,0.9782,0.9347,0.8333,0.8421,0.9098
4166,0.0304,0.9966,0.9121,1.0,0.8333,0.9534
7982,0.0001,0.9974,0.9487,0.8333,0.9444,0.9714
24916,0.6576,0.9987,0.9525,1.0,0.8947,0.8722
20427,0.0921,0.9984,0.9163,0.8333,0.8889,0.9173
15471,0.0,0.9989,0.9377,0.8333,1.0,0.9609
18330,0.0372,0.9993,0.9685,1.0,1.0,0.8286
