global_idx,k,p0,drop_shap,drop_random
13517,1,0.8571177597805649,0.8570754871344222,0.0
13517,2,0.8571177597805649,0.8489778245356076,0.0
13517,3,0.8571177597805649,0.8552819469958969,-0.0009364076207353245
13517,4,0.8571177597805649,0.8552819469958969,0.8570752315754927
13517,5,0.8571177597805649,0.8552687807667267,0.8570752315754927
13517,6,0.8571177597805649,0.8564159927804974,0.8570752314557373
12960,1,0.9999991741462754,0.007002019326921016,3.5436875656102984e-11
12960,2,0.9999991741462754,0.9999968431372707,0.007002301540496525
12960,3,0.9999991741462754,0.9656767442954184,0.016767464761660578
12960,4,0.9999991741462754,0.8128719460569196,0.0012850701412228105
12960,5,0.9999991741462754,0.9214525046501734,0.0012850701412228105
12960,6,0.9999991741462754,0.9212344556895311,0.0012826498549779464
7097,1,0.9999794208632248,0.2073035275906131,-2.3827110069429835e-06
7097,2,0.9999794208632248,0.9999356308580438,-2.3727707922915897e-06
7097,3,0.9999794208632248,0.9999605814830651,-2.3727707922915897e-06
7097,4,0.9999794208632248,0.9999605827930552,-2.6189072608318043e-06
7097,5,0.9999794208632248,0.9999605827930552,-2.362437355074576e-06
7097,6,0.9999794208632248,0.999666534602889,-2.025304972519404e-05
35830,1,0.9999949841288515,0.986461180953637,-4.083045405001151e-06
35830,2,0.9999949841288515,0.9999920438873446,-4.086208040821049e-06
35830,3,0.9999949841288515,0.9999661384780633,-3.95473183079087e-06
35830,4,0.9999949841288515,0.9999733420642969,0.7459317940660186
35830,5,0.9999949841288515,0.9986536544491179,0.7322369647445328
35830,6,0.9999949841288515,0.9995318637020177,0.7322480719786618
8634,1,0.9999801599052325,0.15167927767904632,7.925784663243007e-06
8634,2,0.9999801599052325,0.5781680317455526,7.925784663243007e-06
8634,3,0.9999801599052325,0.6615668464418338,7.959531111767504e-06
8634,4,0.9999801599052325,0.9999587443410544,1.494264805512735e-05
8634,5,0.9999801599052325,0.9999587298972321,0.20779364305418813
8634,6,0.9999801599052325,0.9999587314596663,0.19327351704369455
34506,1,0.9999803865189797,0.19444982124657195,0.0
34506,2,0.9999803865189797,0.9999285064303782,2.4276760151042964e-06
34506,3,0.9999803865189797,0.9999585949091125,-7.379363953230467e-06
34506,4,0.9999803865189797,0.9999525862327528,-7.379363953230467e-06
34506,5,0.9999803865189797,0.9999525884618609,-7.381909658543684e-06
34506,6,0.9999803865189797,0.9994842660330183,-8.275288606474085e-06
28898,1,0.9999935713998871,0.2119834347075399,3.9950846167924325e-06
28898,2,0.9999935713998871,0.3055782334489896,4.713303726644469e-06
28898,3,0.9999935713998871,0.6879736071403102,0.29174230181355465
28898,4,0.9999935713998871,0.9999728563524078,0.29181130363271013
28898,5,0.9999935713998871,0.999506560597703,0.2918705087860951
28898,6,0.9999935713998871,0.9995052306922491,0.269133058748529
31365,1,0.997425076279718,0.9939289813100342,0.014575678630272648
31365,2,0.997425076279718,0.9972357542173895,0.014577512936335135
31365,3,0.997425076279718,0.9629154425099393,0.01456673144470333
31365,4,0.997425076279718,0.751955020106785,0.014561788577097445
31365,5,0.997425076279718,0.751817838828526,0.011961556754529812
31365,6,0.997425076279718,0.9571900831398625,0.011975074800024244
33863,1,0.9999999986089425,0.0042697190496802095,0.0
33863,2,0.9999999986089425,0.9999843741248644,-4.494122851639304e-10
33863,3,0.9999999986089425,0.9999843775151186,-4.4865089421364246e-10
33863,4,0.9999999986089425,0.9954138139027495,-4.4870662740947864e-10
33863,5,0.9999999986089425,0.9954138139027495,7.920243016990014e-09
33863,6,0.9999999986089425,0.9964157898318391,7.928689815805967e-09
39273,1,0.9999795642037336,0.20621307902774744,0.0
39273,2,0.9999795642037336,0.9999349390884431,1.1737750771345645e-09
39273,3,0.9999795642037336,0.9999604707120009,3.500119821753245e-07
39273,4,0.9999795642037336,0.9999604720396602,3.500119821753245e-07
39273,5,0.9999795642037336,0.9996607454759772,3.6070824516176714e-07
39273,6,0.9999795642037336,0.9996607454759772,2.8194714197793402e-06
29477,1,0.9999999999711895,0.17017919923532954,0.17017919923532954
29477,2,0.9999999999711895,0.9999977411445508,0.17022389358661927
29477,3,0.9999999999711895,0.966153805115497,0.17022792300584555
29477,4,0.9999999999711895,0.9801153183837356,0.16921679099338105
29477,5,0.9999999999711895,0.9711119864184703,0.1691407093693138
29477,6,0.9999999999711895,0.9710864538140426,0.169125171913156
27784,1,0.9999801039981792,0.19871256414648908,0.19871256414648908
27784,2,0.9999801039981792,0.9999318881549502,0.19992085563045803
27784,3,0.9999801039981792,0.9999598815673293,0.19992085563045803
27784,4,0.9999801039981792,0.9999598830703199,0.18559476115498696
27784,5,0.9999801039981792,0.9999598830703199,0.1845316223577479
27784,6,0.9999801039981792,0.9996355287059834,0.1736395382200291
6790,1,0.9999931468348788,0.2017426395675025,-6.397634644272898e-10
6790,2,0.9999931468348788,0.7166098537777961,1.1981867897858933e-07
6790,3,0.9999931468348788,0.9999416709243998,9.309866078055506e-08
6790,4,0.9999931468348788,0.9999713967052201,0.19665335724174238
6790,5,0.9999931468348788,0.9995232498599942,0.1979142920430058
6790,6,0.9999931468348788,0.9995219507950868,0.196415343840734
28692,1,0.9999988620363958,0.7389734644866919,-5.034773675749449e-08
28692,2,0.9999988620363958,0.9999480840145912,2.139914342391691e-07
28692,3,0.9999988620363958,0.9999776131103918,0.7252486158122153
28692,4,0.9999988620363958,0.9995433679766283,0.680527605262228
28692,5,0.9999988620363958,0.9995433851904957,0.6798267779951922
28692,6,0.9999988620363958,0.9994125579366785,0.6805177628202048
2250,1,0.9999989221472874,0.7478102545810829,2.454297876042233e-10
2250,2,0.9999989221472874,0.9999473198734008,1.9553469954303182e-10
2250,3,0.9999989221472874,0.9999774279799669,1.2027460472019413e-08
2250,4,0.9999989221472874,0.9995341025134238,1.3070795112923861e-08
2250,5,0.9999989221472874,0.9995341301747562,1.3733142734118076e-08
2250,6,0.9999989221472874,0.9995341301747562,1.3489269035105167e-08
29619,1,0.9999998673934254,0.999535800406821,0.0
29619,2,0.9999998673934254,0.9998170409492471,9.357614683125348e-11
29619,3,0.9999998673934254,0.9998170556692733,9.357614683125348e-11
29619,4,0.9999998673934254,0.9984035587459928,-1.956695250271423e-09
29619,5,0.9999998673934254,0.9984035587459928,7.037805593856916e-08
29619,6,0.9999998673934254,0.9977071709310871,7.187965811450425e-08
30550,1,0.9999981201254305,0.779580188089144,-4.5144776805727815e-11
30550,2,0.9999981201254305,0.9999154650039414,-7.635637311320664e-08
30550,3,0.9999981201254305,0.9999611664426411,-8.001963469617124e-08
30550,4,0.9999981201254305,0.9981749188862585,1.39365807394487e-06
30550,5,0.9999981201254305,0.9981750491549649,1.3939118723715893e-06
30550,6,0.9999981201254305,0.9995464608796639,1.5449608822271088e-06
18352,1,0.9999998677168997,0.999535197988623,1.1417755629850035e-11
18352,2,0.9999998677168997,0.9998168188232427,6.500356919403316e-10
18352,3,0.9999998677168997,0.9998168335611759,6.303929600548486e-10
18352,4,0.9999998677168997,0.9984007224220198,1.58950375084288e-09
18352,5,0.9999998677168997,0.9984007224220198,1.58950375084288e-09
18352,6,0.9999998677168997,0.9983969030138842,1.542912919649808e-08
28530,1,0.9998609870846158,0.6261536337655685,-2.821347596659862e-07
28530,2,0.9998609870846158,0.9549596682971181,-4.075974529338389e-06
28530,3,0.9998609870846158,0.9550442124592757,0.6054909349826127
28530,4,0.9998609870846158,0.9653937273117276,0.6054927479939991
28530,5,0.9998609870846158,0.9653969941976334,0.6054927479939991
28530,6,0.9998609870846158,0.9653969941976334,0.6622435761187426
1220,1,0.8615910551495003,0.8615228243812526,0.0
1220,2,0.8615910551495003,0.8615228243812526,0.0
1220,3,0.8615910551495003,0.8615519437377237,-1.1230738312772992e-05
1220,4,0.8615910551495003,0.8602504131783105,0.02679856696518579
1220,5,0.8615910551495003,0.8590306661336452,0.8615343645430931
1220,6,0.8615910551495003,0.8606651043855736,0.861534366353891
25772,1,0.9999988567253387,0.7406039316709805,-3.6683089899014476e-10
25772,2,0.9999988567253387,0.9999484100170257,1.0811256112575052e-08
25772,3,0.9999988567253387,0.9999777177804596,1.008853722783698e-08
25772,4,0.9999988567253387,0.9995468189153176,-4.094053407399656e-08
25772,5,0.9999988567253387,0.9995468359986267,-4.0865477002327566e-08
25772,6,0.9999988567253387,0.999539352345967,-2.961891598651789e-08
35099,1,0.9997749205487921,0.9997749062769968,-2.6301851689947142e-06
35099,2,0.9997749205487921,0.6833736933158497,0.9997098570617989
35099,3,0.9997749205487921,0.9974663960408559,0.9997086396687576
35099,4,0.9997749205487921,0.9972081494054598,0.9997077016141543
35099,5,0.9997749205487921,0.9985952608781579,0.9997077016141543
35099,6,0.9997749205487921,0.9986654175514292,0.9997077016141543
25195,1,0.7156597045289093,0.7131337432973783,0.7131337432973783
25195,2,0.7156597045289093,0.7154797170210997,0.7154797170210997
25195,3,0.7156597045289093,0.7156597042493787,0.7154797170210997
25195,4,0.7156597045289093,0.715659411989205,0.7154800067150107
25195,5,0.7156597045289093,0.7104849972015849,0.7156595663304723
25195,6,0.7156597045289093,0.7129992543313204,0.7156595663304723
38363,1,0.9999932853488644,0.2010138670220154,8.311411558992177e-09
38363,2,0.9999932853488644,0.5952718193763606,-5.443579566888346e-06
38363,3,0.9999932853488644,0.6800071216177209,0.02565403613889239
38363,4,0.9999932853488644,0.9999717747747762,0.025685964190189092
38363,5,0.9999932853488644,0.9999717602662321,0.025678224653614357
38363,6,0.9999932853488644,0.9995265274061267,0.20706798737083276
10909,1,0.79346759993416,-0.10046792209257238,-0.10046792209257238
10909,2,0.79346759993416,0.7910355389123489,-0.10192577256331681
10909,3,0.79346759993416,0.7919063076856022,-0.1019248904990997
10909,4,0.79346759993416,0.6275783597060806,0.23296437979815343
10909,5,0.79346759993416,0.7871221597690478,0.22496057595956487
10909,6,0.79346759993416,0.7871236255232338,0.25522412778647374
2837,1,0.9999998677607089,0.9995346192538961,0.0
2837,2,0.9999998677607089,0.9998166052785489,-9.951862667278988e-10
2837,3,0.9999998677607089,0.9998166200336757,-9.837554104663582e-10
2837,4,0.9999998677607089,0.9983979973265167,-3.0533209294247854e-09
2837,5,0.9999998677607089,0.9983979973265167,-1.0543414408203944e-07
2837,6,0.9999998677607089,0.9985223777552602,-8.865551304193531e-08
15954,1,0.9999891951089098,0.21106351607452445,1.327880694290684e-09
15954,2,0.9999891951089098,0.2730976905485696,1.327880694290684e-09
15954,3,0.9999891951089098,0.6668261918193269,3.9516623306923293e-10
15954,4,0.9999891951089098,0.6672832697432862,-8.828995312626375e-10
15954,5,0.9999891951089098,0.9999639194832692,0.2110339890251407
15954,6,0.9999891951089098,0.9994815485041693,0.2113461385636599
164,1,0.9999933411408819,0.20027640094341959,8.046667776540062e-10
164,2,0.9999933411408819,0.7354570947272467,8.934930573190059e-09
164,3,0.9999933411408819,0.9999414657279795,-4.9621255437948264e-08
164,4,0.9999933411408819,0.9999719231360179,-5.568306223668884e-06
164,5,0.9999933411408819,0.9995301123432826,-4.726869570648162e-06
164,6,0.9999933411408819,0.9995288316895217,-4.727236226798048e-06
37459,1,0.9999952526106864,0.9853488412019795,4.503312056591824e-09
37459,2,0.9999952526106864,0.9999922904208702,7.828517833985416e-09
37459,3,0.9999952526106864,0.9999656707083217,-3.873657806408026e-06
37459,4,0.9999952526106864,0.9999728971209926,-4.624503468497743e-06
37459,5,0.9999952526106864,0.9999738365326526,-2.4600054131518334e-06
37459,6,0.9999952526106864,0.9999738220878409,-2.449106681456925e-06
38947,1,0.9999999999711648,0.1704105575845407,-5.74429392941056e-13
38947,2,0.9999999999711648,0.9999977411078652,-5.750955267558311e-13
38947,3,0.9999999999711648,0.966154780945574,-5.755396159656812e-13
38947,4,0.9999999999711648,0.9801157490333741,-5.74651437545981e-13
38947,5,0.9999999999711648,0.9711127074158327,-5.74651437545981e-13
38947,6,0.9999999999711648,0.9711127074158327,1.7514399819340554e-08
10403,1,0.9999988618332032,0.7389878199703688,-2.793871800577108e-10
10403,2,0.9999988618332032,0.8700755410804091,-2.793871800577108e-10
10403,3,0.9999988618332032,0.9999776138760837,1.1329115423563962e-08
10403,4,0.9999988618332032,0.9995433982580166,1.1329115423563962e-08
10403,5,0.9999988618332032,0.9995434154707324,0.7433724271562288
10403,6,0.9999988618332032,0.9995357062982525,0.7336623485695903
31385,1,0.9999934314995798,0.030266623523810265,-8.839464562537813e-07
31385,2,0.9999934314995798,0.9997673399834635,-1.704922694245603e-06
31385,3,0.9999934314995798,0.9983725871051781,9.98614696959832e-05
31385,4,0.9999934314995798,0.9983743925163445,9.989752866534918e-05
31385,5,0.9999934314995798,0.9992980846801063,3.6593365365655828e-06
31385,6,0.9999934314995798,0.9999917169885101,1.3595458393300675e-05
14340,1,0.9999988728505426,0.7513615281450391,0.0
14340,2,0.9999988728505426,0.8752284218862126,9.290864000366383e-08
14340,3,0.9999988728505426,0.9999775259521656,1.0649702024689844e-06
14340,4,0.9999988728505426,0.9995413656483323,-4.693804103172994e-07
14340,5,0.9999988728505426,0.9995413864835261,-4.90356369842182e-07
14340,6,0.9999988728505426,0.999540067253937,-4.950493603939066e-07
22102,1,0.9999949773482295,0.9864605943414816,5.54280177311739e-10
22102,2,0.9999949773482295,0.7531823795729627,-5.999480667817636e-08
22102,3,0.9999949773482295,0.9999661317097057,-2.6062473623689186e-07
22102,4,0.9999949773482295,0.9999732752866354,0.0034684108369023026
22102,5,0.9999949773482295,0.999973473989656,0.0034748734643186285
22102,6,0.9999949773482295,0.9995297273616369,0.0029565783186450423
28614,1,0.9999932947836971,0.20143653366525205,4.3073812990845894e-06
28614,2,0.9999932947836971,0.7372772258835729,4.3025710546595874e-06
28614,3,0.9999932947836971,0.9999417939285445,4.31637063125212e-06
28614,4,0.9999932947836971,0.9999719994622657,4.314986409736932e-06
28614,5,0.9999932947836971,0.9999719850989006,-4.53881200179751e-06
28614,6,0.9999932947836971,0.9995328730069541,-4.522887136260145e-06
7807,1,0.9999989092617236,0.7357612497788112,1.0667848715506523e-08
7807,2,0.9999989092617236,0.9999470953646487,8.290213711070749e-07
7807,3,0.9999989092617236,0.9999775113932508,-4.6676538445478144e-07
7807,4,0.9999989092617236,0.9995363504011692,0.9999760094070798
7807,5,0.9999989092617236,0.9995363779280256,0.9999767126024867
7807,6,0.9999989092617236,0.9995363779280256,0.9999767063999009
24153,1,0.9999398428595005,0.18795760162126318,-5.851214141272543e-05
24153,2,0.9999398428595005,0.6878695259430646,-5.851232355813529e-05
24153,3,0.9999398428595005,0.7637944896473348,-5.851256381672609e-05
24153,4,0.9999398428595005,0.7641368622029475,-5.8501380068243236e-05
24153,5,0.9999398428595005,0.9999080422113134,-5.8502069819943436e-05
24153,6,0.9999398428595005,0.9984548844152729,-5.711529830088047e-05
27831,1,0.9999801480322587,0.1980618041273442,3.4246730495901545e-07
27831,2,0.9999801480322587,0.9999316226581306,3.1148450696516505e-07
27831,3,0.9999801480322587,0.9999598290181757,-1.9562897547231728e-05
27831,4,0.9999801480322587,0.9999598168120707,-1.9426745528017264e-05
27831,5,0.9999801480322587,0.9996323270505514,-1.9418171301355258e-05
27831,6,0.9999801480322587,0.9996323387347692,0.9999098931898825
5776,1,0.9999932978706078,0.20098950591514464,0.20098950591514464
5776,2,0.9999932978706078,0.5952746204185626,0.025574664529221747
5776,3,0.9999932978706078,0.999941478775357,0.02562449236612485
5776,4,0.9999932978706078,0.9999718215086228,0.02562449236612485
5776,5,0.9999932978706078,0.9999718070231528,0.02562449236612485
5776,6,0.9999932978706078,0.9995274048482212,0.029958418354272598
3302,1,0.9999998674541344,0.9995350943581658,0.0
3302,2,0.9999998674541344,0.9998167804131394,7.413477820517045e-08
3302,3,0.9999998674541344,0.9998167951541433,0.9996377511103216
3302,4,0.9999998674541344,0.9984002355506205,0.9996376995196109
3302,5,0.9999998674541344,0.9984002355506205,0.9996303937682876
3302,6,0.9999998674541344,0.9977020156045321,0.9996304271723394
19623,1,0.9999998677262436,0.9995348434170919,-1.0102807479484e-11
19623,2,0.9999998677262436,0.9998166879784833,-1.0102807479484e-11
19623,3,0.9999998677262436,0.9998167027269501,1.012867586469568e-07
19623,4,0.9999998677262436,0.9983990530588241,-8.428145703565093e-08
19623,5,0.9999998677262436,0.9983990530588241,0.9983987756493268
19623,6,0.9999998677262436,0.9977001808432334,0.9983949515989597
37937,1,0.7868907361102895,0.7862103872854703,-0.0030831137859513857
37937,2,0.7868907361102895,0.7738150127626378,0.1891891362414122
37937,3,0.7868907361102895,-0.046645354537351635,0.18174127177789678
37937,4,0.7868907361102895,0.7802122532126001,0.18172412173923025
37937,5,0.7868907361102895,0.7802074364113337,0.5778165297962258
37937,6,0.7868907361102895,0.7789496784233063,0.2864198417378351
1424,1,0.9999998674583093,0.9995350880325858,-9.914025156376738e-10
1424,2,0.9999998674583093,0.9998167780813668,6.424638598900856e-12
1424,3,0.9999998674583093,0.9998167928225588,-1.273625649389487e-11
1424,4,0.9999998674583093,0.9998167928225588,-1.1934897514720433e-12
1424,5,0.9999998674583093,0.9984002057558673,5.403986147456408e-10
1424,6,0.9999998674583093,0.9983963851163216,6.689975240448121e-10
22452,1,0.9999988620354501,0.7389746943809565,0.0
22452,2,0.9999988620354501,0.9999480842638719,0.0
22452,3,0.9999988620354501,0.9999776131924537,-5.0347778501880214e-08
22452,4,0.9999988620354501,0.9995433705874265,-5.027372362853555e-08
22452,5,0.9999988620354501,0.9995433878011952,-7.698477776374446e-07
22452,6,0.9999988620354501,0.9995356767883841,-7.719668785322042e-07
5228,1,0.9999662084235994,0.19163240627953704,5.3904003594063e-08
5228,2,0.9999662084235994,0.7275448809952467,-1.76103483309209e-05
5228,3,0.9999662084235994,0.727951200859904,-1.76103483309209e-05
5228,4,0.9999662084235994,0.9999234433239784,-1.7612026640079215e-05
5228,5,0.9999662084235994,0.9999474818954677,-1.761233265362705e-05
5228,6,0.9999662084235994,0.9999473980227033,-1.761233265362705e-05
2814,1,0.9999952523150191,0.9853481241646933,1.8925184497642356e-05
2814,2,0.9999952523150191,0.7301033501979761,2.3248613076565228e-05
2814,3,0.9999952523150191,0.9999656699320287,1.5255956077098176e-05
2814,4,0.9999952523150191,0.9999433808348788,1.5256003329855439e-05
2814,5,0.9999952523150191,0.9983568074038527,1.5256565400467714e-05
2814,6,0.9999952523150191,0.9995320663523107,1.525712769478993e-05
32684,1,0.9999989089056017,0.7357572019591184,1.260388127199974e-09
32684,2,0.9999989089056017,0.9999470941748458,8.639648696462388e-08
32684,3,0.9999989089056017,0.9999775107642014,8.53175383674909e-08
32684,4,0.9999989089056017,0.9995363409670248,7.843355531722551e-08
32684,5,0.9999989089056017,0.9995363684944213,9.129292732890093e-08
32684,6,0.9999989089056017,0.9995363684944213,9.129292732890093e-08
17072,1,0.9999952451140717,0.9854076828298142,-3.909761403519951e-12
17072,2,0.9999952451140717,0.7302238627122002,1.4380131529989626e-09
17072,3,0.9999952451140717,0.999965702726708,0.9854229531804953
17072,4,0.9999952451140717,0.9999729198471946,0.9845303826898562
17072,5,0.9999952451140717,0.999970331975,0.9845273734050307
17072,6,0.9999952451140717,0.9985574874361438,0.9845273734050307
32886,1,0.9999998708321085,0.9995346058863978,1.6122658763606523e-12
32886,2,0.9999998708321085,0.9998166022836933,1.6122658763606523e-12
32886,3,0.9999998708321085,0.9998166170393084,1.2761125489646474e-11
32886,4,0.9999998708321085,0.9983979229783498,1.2761125489646474e-11
32886,5,0.9999998708321085,0.9983979229783498,0.9995342136232293
32886,6,0.9999998708321085,0.9985223153809643,0.9995342136232293
33475,1,0.9999415973758657,0.20468046739764567,-3.299704953718674e-09
33475,2,0.9999415973758657,0.7091311600705439,-1.0243879562388258e-06
33475,3,0.9999415973758657,0.780586576505947,-1.0292519362353758e-06
33475,4,0.9999415973758657,0.7809149094713727,-6.189356477337427e-07
33475,5,0.9999415973758657,0.9999176965244014,-5.711394412977189e-05
33475,6,0.9999415973758657,0.9989312771498052,-5.6157640870746484e-05
23187,1,0.9999705583581747,0.17798305574021134,-2.835432853420805e-05
23187,2,0.9999705583581747,0.7141806789570742,-2.8358950184714793e-05
23187,3,0.9999705583581747,0.7145983790506277,-2.7506373630248326e-05
23187,4,0.9999705583581747,0.9999186413048912,-2.7506239422381284e-05
23187,5,0.9999705583581747,0.9999491256311775,-2.7505543095607266e-05
23187,6,0.9999705583581747,0.99994912719381,-2.7503154667263274e-05
38456,1,0.9999998674618555,0.999535037296866,1.3053169656274122e-10
38456,2,0.9999998674618555,0.9998167593600479,1.0881618939251325e-09
38456,3,0.9999998674618555,0.9998167741027473,1.0998001398476731e-09
38456,4,0.9999998674618555,0.9983999668860646,1.0998001398476731e-09
38456,5,0.9999998674618555,0.9983999668860646,1.4869294684416445e-10
38456,6,0.9999998674618555,0.9985240427410388,1.8893477560233407e-08
13605,1,0.9999756156440164,0.22865246981707477,-3.257810013979068e-07
13605,2,0.9999756156440164,0.9999455418646714,-2.3872559170134977e-05
13605,3,0.9999756156440164,0.9999603871836839,-2.388772354533497e-05
13605,4,0.9999756156440164,0.9999603882451722,-2.388772354533497e-05
13605,5,0.9999756156440164,0.9999603790525703,-2.388769838612692e-05
13605,6,0.9999756156440164,0.9999603790525703,-2.388769838612692e-05
20164,1,0.9999998675280664,0.999534892609075,1.1433964886009562e-11
20164,2,0.9999998675280664,0.9998167060068157,1.1433964886009562e-11
20164,3,0.9999998675280664,0.9998167207538153,1.3087309014281345e-11
20164,4,0.9999998675280664,0.9998167207538153,1.8744331198305986e-08
20164,5,0.9999998675280664,0.9983992854182715,1.8744331198305986e-08
20164,6,0.9999998675280664,0.9977005414618124,2.155626166455704e-08
21394,1,0.9999949742215383,0.9864687935363924,3.3583122949210065e-09
21394,2,0.9999949742215383,0.9999920345501797,7.997714823737567e-09
21394,3,0.9999949742215383,0.9999661341826506,7.997714823737567e-09
21394,4,0.9999949742215383,0.9999732632561324,-4.088507432165045e-06
21394,5,0.9999949742215383,0.9986518853970652,-4.088507432165045e-06
21394,6,0.9999949742215383,0.998652952129268,-4.088493423148876e-06
19778,1,0.996106491510768,0.0163989292629676,-0.00019916054436486252
19778,2,0.996106491510768,0.539750018197901,-0.00035941199262334855
19778,3,0.996106491510768,0.9959953807312315,-0.0004245331509596939
19778,4,0.996106491510768,0.9959954263430224,-0.0004245331509596939
19778,5,0.996106491510768,0.9709029348646084,-0.002048955956339804
19778,6,0.996106491510768,0.9961016167029104,-0.0038396365910179364
2674,1,0.9999807382715816,0.18931120048583783,-1.8947929372181704e-05
2674,2,0.9999807382715816,0.9999277685025848,-1.8947941131441937e-05
2674,3,0.9999807382715816,0.9999588959389998,-1.894137085300951e-05
2674,4,0.9999807382715816,0.9995970812510052,-1.8789205089797534e-05
2674,5,0.9999807382715816,0.9995970967420381,-1.8783901987617924e-05
2674,6,0.9999807382715816,0.9995970967420381,0.9999349460263509
6891,1,0.9995282879316902,0.9995282861609265,0.9995282861609265
6891,2,0.9995282879316902,0.6702827263122237,0.9995282861609265
6891,3,0.9995282879316902,0.9979556295396063,0.9995282861609265
6891,4,0.9995282879316902,0.9977797993775482,0.9995260325161325
6891,5,0.9995282879316902,0.9978227024497236,0.9995260203264728
6891,6,0.9995282879316902,0.9978227024497236,0.9995260458356401
20703,1,0.9999883969110799,0.030905952087767807,2.3808479315823305e-06
20703,2,0.9999883969110799,0.9999796542744145,2.3815072761612655e-06
20703,3,0.9999883969110799,0.9999828635474722,2.381500684989213e-06
20703,4,0.9999883969110799,0.9999828610664082,1.4089514015491744e-06
20703,5,0.9999883969110799,0.9943930671775125,1.408793049995083e-06
20703,6,0.9999883969110799,0.9943897734517918,1.416449404212372e-06
39068,1,0.9999990882560662,0.00709929470520021,0.15264735338205349
39068,2,0.9999990882560662,0.9999966104061845,0.15265087319005133
39068,3,0.9999990882560662,0.9635418180564069,0.15043434671808975
39068,4,0.9999990882560662,0.9799601121771502,0.14977447119156728
39068,5,0.9999990882560662,0.8972315291430866,0.25446274424950954
39068,6,0.9999990882560662,0.8969765789891601,0.281431654272134
28310,1,0.9999742071584368,0.21547640188662054,1.3485742593855043e-05
28310,2,0.9999742071584368,0.9998938697411642,1.3485742593855043e-05
28310,3,0.9999742071584368,0.9999396411595505,1.747194992163248e-05
28310,4,0.9999742071584368,0.9989918182191534,1.68626538179506e-05
28310,5,0.9999742071584368,0.9989918773722991,1.6864426928497878e-05
28310,6,0.9999742071584368,0.9989899352735854,1.1936170504101007e-05
18258,1,0.9999988539653211,0.7062682322716178,-7.785334272814026e-07
18258,2,0.9999988539653211,0.9999423952256026,-7.675782014437971e-07
18258,3,0.9999988539653211,0.9999756647848924,-6.36572713874628e-07
18258,4,0.9999988539653211,0.999460650702814,-6.36572713874628e-07
18258,5,0.9999988539653211,0.9994606733813173,-6.388911596433289e-07
18258,6,0.9999988539653211,0.9994606733813173,-2.722131344778944e-07
14927,1,0.9999338305448997,0.43099213018949956,-1.0562425873938963e-06
14927,2,0.9999338305448997,0.8937913332469971,1.947020049608561e-05
14927,3,0.9999338305448997,0.89397990960873,1.94481528190682e-05
14927,4,0.9999338305448997,0.9171977675067177,1.94481528190682e-05
14927,5,0.9999338305448997,0.9172052174237022,3.608854452907817e-05
14927,6,0.9999338305448997,0.9172052174237022,3.608854452907817e-05
29354,1,0.9999932740145985,0.20028501798938858,-8.625076208801374e-10
29354,2,0.9999932740145985,0.735470711307864,-8.625076208801374e-10
29354,3,0.9999932740145985,0.9999414014214798,2.903963153388922e-06
29354,4,0.9999932740145985,0.9999718569326451,2.9578413098807488e-06
29354,5,0.9999932740145985,0.9995300759296144,9.19212605021702e-06
29354,6,0.9999932740145985,0.9995301034944936,1.0427738172502643e-05
7685,1,0.7113542602630295,0.6773764382924953,0.660963268211082
7685,2,0.7113542602630295,0.709574451623283,0.660963268211082
7685,3,0.7113542602630295,0.7107393719923053,0.7077321162478254
7685,4,0.7113542602630295,0.7111459557037059,0.70770417842253
7685,5,0.7113542602630295,0.711279571389498,0.7077025014822875
7685,6,0.7113542602630295,0.7113540633177761,0.7076952238548142
1882,1,0.8621132650357889,0.8620174752157841,0.005982144095427966
1882,2,0.8621132650357889,0.8620625110397963,0.005982144095427966
1882,3,0.8621132650357889,0.8602774522486062,0.005982144095427966
1882,4,0.8621132650357889,0.8614157821187731,0.005982144095427966
1882,5,0.8621132650357889,0.8614157821187731,0.005982144095427966
1882,6,0.8621132650357889,0.8614114980357191,-0.02326966294817623
6728,1,0.9999933216265011,0.20027549780540754,8.070250023806125e-10
6728,2,0.9999933216265011,0.29087586471707305,-1.4098721290434213e-07
6728,3,0.9999933216265011,0.867998210660656,-1.4098721290434213e-07
6728,4,0.9999933216265011,0.9999719035277261,-1.983981726683126e-07
6728,5,0.9999933216265011,0.9999719050892921,-1.983981726683126e-07
6728,6,0.9999933216265011,0.9995301172705828,-1.9922913341297033e-07
6237,1,0.9999707604698772,0.17798428522725285,5.0335939194567914e-08
6237,2,0.9999707604698772,0.714182164821372,-4.65882620814817e-07
6237,3,0.9999707604698772,0.7146004021362984,6.89652578822475e-06
6237,4,0.9999707604698772,0.7759805937100611,6.89652578822475e-06
6237,5,0.9999707604698772,0.9999493279867047,-2.7887959554662167e-05
6237,6,0.9999707604698772,0.9995062499448059,-2.7888552677879375e-05
8078,1,0.999999867755522,0.9995346192280647,2.1156273399824954e-09
8078,2,0.999999867755522,0.9998166052657438,2.0957736657223336e-09
8078,3,0.999999867755522,0.9998166200208711,2.0162094216402693e-11
8078,4,0.999999867755522,0.9983979972241047,-1.0499061608992832e-07
8078,5,0.999999867755522,0.9983979972241047,-1.0499278679798607e-07
8078,6,0.999999867755522,0.9983941713174661,-1.0499278679798607e-07
27066,1,0.999973128195009,0.20832020580075372,-4.900316346478917e-06
27066,2,0.999973128195009,0.9998691569214577,-4.868586851447532e-06
27066,3,0.999973128195009,0.9999268018822697,-5.04046846572237e-06
27066,4,0.999973128195009,0.9999267481924866,-2.6502759929436515e-05
27066,5,0.999973128195009,0.9999267519273748,-2.651179674206805e-05
27066,6,0.999973128195009,0.9999267046445419,-2.6511819937069525e-05
7718,1,0.9999754916075846,0.23719270090430244,-2.4418627542210913e-07
7718,2,0.9999754916075846,0.9999483794343612,2.486032510962133e-07
7718,3,0.9999754916075846,0.9999618727656925,2.486032510962133e-07
7718,4,0.9999754916075846,0.9999618735809928,3.725439162716171e-07
7718,5,0.9999754916075846,0.9997622476991054,-5.4241543367972156e-08
7718,6,0.9999754916075846,0.9997622476991054,-5.544501913146149e-08
8858,1,0.9999989101249743,0.735467957932372,-4.632539352122933e-09
8858,2,0.9999989101249743,0.9999470358030523,-4.5586460162283515e-09
8858,3,0.9999989101249743,0.9999774924771853,-4.5586460162283515e-09
8858,4,0.9999989101249743,0.999535693210195,-9.720177329697322e-07
8858,5,0.9999989101249743,0.9995357207761942,-9.720177329697322e-07
8858,6,0.9999989101249743,0.9995357207761942,0.21766213272324098
20427,1,0.9999776842433035,0.22378957638989605,1.0901205205193776e-07
20427,2,0.9999776842433035,0.999925205048491,1.0746090883806403e-07
20427,3,0.9999776842433035,0.9999556329458176,-2.1976845048121696e-05
20427,4,0.9999776842433035,0.9999556345762731,-2.1976826750313982e-05
20427,5,0.9999776842433035,0.9999556192066129,-2.1718525535452393e-05
20427,6,0.9999776842433035,0.999955612906138,-2.223468296558284e-05
38299,1,0.999993316976837,0.20044847487779793,0.0
38299,2,0.999993316976837,0.5975998596427936,0.0
38299,3,0.999993316976837,0.6820320775205998,-5.868992625224223e-08
38299,4,0.999993316976837,0.999971917248704,-5.953939852254564e-08
38299,5,0.999993316976837,0.9999719028149198,4.191918592799659e-06
38299,6,0.999993316976837,0.9995294172862345,-4.7468670960615356e-06
29409,1,0.9999978486081629,0.023836213819292795,-2.3678057847753564e-08
29409,2,0.9999978486081629,0.9998948829587332,-2.4176198376579805e-08
29409,3,0.9999978486081629,0.9999975173998857,-2.4176198376579805e-08
29409,4,0.9999978486081629,0.9999037325760801,-2.4126642017563427e-08
29409,5,0.9999978486081629,0.023446154365281524,-2.4126642017563427e-08
29409,6,0.9999978486081629,0.9982151526374134,-1.7722351630666822e-07
11074,1,0.9999998561453611,0.9995656135409685,0.0
11074,2,0.9999998561453611,0.9998084524043026,-1.1398166654963404e-07
11074,3,0.9999998561453611,0.9998084678722204,-1.139859702181667e-07
11074,4,0.9999998561453611,0.9983103081057146,-9.477773521560096e-08
11074,5,0.9999998561453611,0.9984320656986515,-9.477652151979044e-08
11074,6,0.9999998561453611,0.9984320656986515,-9.471039796871139e-08
7372,1,0.9999245193728135,0.45338285798802325,1.2855843012360424e-07
7372,2,0.9999245193728135,0.9087652737736686,-1.5477163894939139e-06
7372,3,0.9999245193728135,0.9089286891561876,-1.5650835359926063e-06
7372,4,0.9999245193728135,0.9250003064428105,-2.3737578573879148e-06
7372,5,0.9999245193728135,0.9250071103978188,9.384541095891485e-06
7372,6,0.9999245193728135,0.9250071103978188,8.906118915463779e-06
28415,1,0.9999952527143221,0.9853482205254219,1.8917736280932296e-05
28415,2,0.9999952527143221,0.9999922904063274,1.8917736280932296e-05
28415,3,0.9999952527143221,0.9999656703956797,1.8228034855960473e-05
28415,4,0.9999952527143221,0.9999728969062381,1.8248085448258067e-05
28415,5,0.9999952527143221,0.9999738360822856,1.8268776244001472e-05
28415,6,0.9999952527143221,0.999532069601414,1.8269329879694318e-05
34437,1,0.999998932991084,0.7595109043893326,7.492284570531638e-11
34437,2,0.999998932991084,0.9999475978309786,2.5552227000957828e-11
34437,3,0.999998932991084,0.9999773064510621,-2.127613640823256e-10
34437,4,0.999998932991084,0.999530838362581,2.574107829111938e-07
34437,5,0.999998932991084,0.9995308662187167,2.5882801590881854e-07
34437,6,0.999998932991084,0.9995295729447747,2.5824618576919534e-07
20921,1,0.8852630492396518,0.5989013765119765,-0.019915410343456785
20921,2,0.8852630492396518,0.5866912616892632,-0.009484889818990205
20921,3,0.8852630492396518,0.17865270933420985,0.33380208124910526
20921,4,0.8852630492396518,0.744305271563735,0.33380005950871894
20921,5,0.8852630492396518,0.8846711452052809,0.3338854688252555
20921,6,0.8852630492396518,0.8846713464185023,-0.02123053447829737
30067,1,0.9999999010488771,0.9832918087501691,0.0
30067,2,0.9999999010488771,0.9999535427832295,-4.421747634708595e-09
30067,3,0.9999999010488771,0.9945613818319613,-4.822663379755454e-09
30067,4,0.9999999010488771,0.9131853163677977,-9.227526631683247e-08
30067,5,0.9999999010488771,0.9283751269054589,-9.13793946066832e-08
30067,6,0.9999999010488771,0.9995366687354063,-9.13793946066832e-08
12504,1,0.9999952511197026,0.9853583021180429,0.9853583021180429
12504,2,0.9999952511197026,0.9999922907312816,0.9853583021180429
12504,3,0.9999952511197026,0.9999930239781722,0.9844618337309137
12504,4,0.9999952511197026,0.9999729004842391,0.9844609176390988
12504,5,0.9999952511197026,0.9986714554733065,0.9844775335086926
12504,6,0.9999952511197026,0.9986725621230961,0.9844983650345531
33641,1,0.999973538864093,0.264559349026256,-4.308434410349449e-07
33641,2,0.999973538864093,0.9999483651841308,1.5558586685671116e-07
33641,3,0.999973538864093,0.999960609117536,1.592182082732485e-05
33641,4,0.999973538864093,0.9999606098396053,1.5942589732809154e-05
33641,5,0.999973538864093,0.9999606098396053,0.3323207685870112
33641,6,0.999973538864093,0.9997734209597362,0.33230750164473744
11855,1,0.9999695334169482,0.18126010664859604,-4.443163614809009e-10
11855,2,0.9999695334169482,0.727801164481225,1.1656828167172506e-05
11855,3,0.9999695334169482,0.7282069669063587,1.1656828167172506e-05
11855,4,0.9999695334169482,0.7868560698703456,0.22048938875413904
11855,5,0.9999695334169482,0.9999479940067945,0.2205571500400798
11855,6,0.9999695334169482,0.9999479854894603,0.22055158555037513
36555,1,0.9996170750988371,0.998919826938834,0.0
36555,2,0.9996170750988371,0.999615419714302,0.0
36555,3,0.9996170750988371,0.9996170714660453,0.998919826938834
36555,4,0.9996170750988371,0.9996160263763091,0.998919826938834
36555,5,0.9996170750988371,0.9923349028454378,0.9955355093238968
36555,6,0.9996170750988371,0.9923151020754744,0.9955350258499648
30148,1,0.9999741169378499,0.21395646236306332,0.0
30148,2,0.9999741169378499,0.9999332568903408,-5.2945443584917484e-09
30148,3,0.9999741169378499,0.9999546320910249,-1.0225512547812343e-08
30148,4,0.9999741169378499,0.9999546204326399,2.9476161919061994e-06
30148,5,0.9999741169378499,0.9996738170995078,2.5745739220539576e-06
30148,6,0.9999741169378499,0.9996737421541823,2.3342978519025337e-06
37561,1,0.9182999139917655,0.9182797074425391,0.4733163236727347
37561,2,0.9182999139917655,0.9107863816709243,0.4733163236727347
37561,3,0.9182999139917655,0.9166085015515321,0.4733163236727347
37561,4,0.9182999139917655,0.9150728209611138,0.5095721694913493
37561,5,0.9182999139917655,0.9150728209611138,0.5847459855500342
37561,6,0.9182999139917655,0.9150507523510402,0.5847459855500342
5600,1,0.9999989090823883,0.7354616482250498,2.4259094733025677e-10
5600,2,0.9999989090823883,0.9999470334221987,2.627581194847295e-07
5600,3,0.9999989090823883,0.9999774909959555,-9.385964023778115e-07
5600,4,0.9999989090823883,0.9995356771085689,-9.38629834523752e-07
5600,5,0.9999989090823883,0.9995357046754638,-9.383301188270465e-07
5600,6,0.9999989090823883,0.9995357046754638,-9.38123688842829e-07
2076,1,0.9999998673034948,0.9995362502604384,-9.9124364272285e-10
2076,2,0.9999998673034948,0.9998172069285463,-1.0102824132829369e-09
2076,3,0.9999998673034948,0.9998172216352041,-1.0204049827322592e-09
2076,4,0.9999998673034948,0.9984056753197128,-1.0174833198206557e-09
2076,5,0.9999998673034948,0.9984056753197128,-1.0526582960856956e-07
2076,6,0.9999998673034948,0.9984056753197128,-1.0526582960856956e-07
19221,1,0.9998606382169557,0.9990100947926877,0.9952206574657533
19221,2,0.9998606382169557,0.9998594678804437,0.9953565965710067
19221,3,0.9998606382169557,0.9998287384655858,0.9942830557778356
19221,4,0.9998606382169557,0.45064285680354743,0.9942917744807217
19221,5,0.9998606382169557,0.9133192227481907,0.9942868677706276
19221,6,0.9998606382169557,0.9735725197104355,0.9998598391716829
35059,1,0.9999692434409464,0.23422333146283292,0.0
35059,2,0.9999692434409464,0.9999279236868213,-1.3657124278143584e-06
35059,3,0.9999692434409464,0.9999393903632314,-1.3657124278143584e-06
35059,4,0.9999692434409464,0.9999393660177376,-9.59073202855265e-07
35059,5,0.9999692434409464,0.9999393682066939,-1.3574844046626566e-06
35059,6,0.9999692434409464,0.9999393640440514,0.2324564688601416
2179,1,0.9976694237966589,0.7389562740428238,-0.0007420379913121167
2179,2,0.9976694237966589,0.9428255602293041,-0.0007602253712608587
2179,3,0.9976694237966589,0.9428794480454203,0.6566936174045814
2179,4,0.9976694237966589,0.6869072510003841,0.65684262822043
2179,5,0.9976694237966589,0.6869348543725904,0.6221044253798154
2179,6,0.9976694237966589,0.5502801156105368,0.6221228195365327
39234,1,0.9999998675291266,0.9995345970599842,-9.91555948459677e-10
39234,2,0.9999998675291266,0.9998165969424666,-8.407279317168559e-10
39234,3,0.9999998675291266,0.9998166116982458,-8.597560441359064e-10
39234,4,0.9999998675291266,0.9998164796934627,-8.698728404255007e-10
39234,5,0.9999998675291266,0.9998164796934627,-8.669527318261316e-10
39234,6,0.9999998675291266,0.9983940675092996,-8.669527318261316e-10
16817,1,0.9999998665591614,0.9993911872845017,1.6653345369377348e-12
16817,2,0.9999998665591614,0.9997597938710615,-1.8024470804789416e-11
16817,3,0.9999998665591614,0.9997598131931782,7.194038720292895e-08
16817,4,0.9999998665591614,0.9979732085313363,7.216409947385927e-08
16817,5,0.9999998665591614,0.9979732085313363,2.3340936006199797e-07
16817,6,0.9999998665591614,0.9979732085313363,2.3378755076297608e-07
13967,1,0.8369435652595627,0.8368939925291059,0.0
13967,2,0.8369435652595627,0.83691355881855,0.011579984121364517
13967,3,0.8369435652595627,0.83525215281827,0.07260100756158516
13967,4,0.8369435652595627,0.83525215281827,0.07260845437550079
13967,5,0.8369435652595627,0.8362962025506075,-0.15987017871011144
13967,6,0.8369435652595627,0.8357754912232392,-0.1598715082044868
27097,1,0.8687292333194738,0.8685070875305685,0.1869675359637154
27097,2,0.8687292333194738,0.8686129612799952,0.1869675359637154
27097,3,0.8687292333194738,0.8686859482507824,0.1869675359637154
27097,4,0.8687292333194738,0.8686982623282827,0.741134770792793
27097,5,0.8687292333194738,0.8418937950443527,0.7411028896815908
27097,6,0.8687292333194738,0.8418937950443527,0.7082763272655839
11287,1,0.999998861299125,0.7392021116451245,8.313961741279741e-10
11287,2,0.999998861299125,0.9999481297884453,7.648983668673281e-10
11287,3,0.999998861299125,0.999977627803721,8.424835273856957e-10
11287,4,0.999998861299125,0.9995438526641373,5.627582844169865e-10
11287,5,0.999998861299125,0.9995438698596679,-4.2797081434287065e-09
11287,6,0.999998861299125,0.9995361907126517,-4.754093452241648e-09
6651,1,0.9999809338344174,0.18623525154862197,0.0
6651,2,0.9999809338344174,0.9999262651240403,-1.8759202494167404e-05
6651,3,0.9999809338344174,0.9999584951138673,-1.861309744588535e-05
6651,4,0.9999809338344174,0.9999584787168965,-1.861309744588535e-05
6651,5,0.9999809338344174,0.9999584804089551,-1.860801268815937e-05
6651,6,0.9999809338344174,0.9999584804089551,-1.863791958278682e-05
13911,1,0.9999711953328851,0.2262554146941378,-5.792468545928742e-07
13911,2,0.9999711953328851,0.9997890708206661,-6.839283245296812e-07
13911,3,0.9999711953328851,0.9998934721711132,2.888730039063425e-06
13911,4,0.9999711953328851,0.9998933820966348,2.608230840972503e-06
13911,5,0.9999711953328851,0.9998933883625808,-1.7339486308887153e-05
13911,6,0.9999711953328851,0.9998929039429661,-1.7284017002960894e-05
9570,1,0.7818336148889679,0.7791490984795109,0.36245381136344645
9570,2,0.7818336148889679,0.7817742871946984,-0.010276437338716193
9570,3,0.7818336148889679,0.7769865469190468,-0.010276437338716193
9570,4,0.7818336148889679,0.1772024952271407,-0.01063421215815108
9570,5,0.7818336148889679,0.7694128229154146,-0.01092827941204677
9570,6,0.7818336148889679,0.7812091886454495,0.497477673313685
10401,1,0.999994891878509,0.9880830089920174,-1.6141537273473006e-07
10401,2,0.999994891878509,0.9999924526465246,-2.2108188058034273e-07
10401,3,0.999994891878509,0.9999672167055073,-2.2108188058034273e-07
10401,4,0.999994891878509,0.9999740157238262,1.9480768512214475e-05
10401,5,0.999994891878509,0.9990386031697845,1.9480768512214475e-05
10401,6,0.999994891878509,0.9989506814471818,1.9525967765776642e-05
24018,1,0.9999933215337097,0.20027918587115368,1.8670794910136124e-09
24018,2,0.9999933215337097,0.5973179423244245,-4.9737340414024445e-06
24018,3,0.9999933215337097,0.68177821355125,-4.946575262287922e-06
24018,4,0.9999933215337097,0.9999719038269054,-4.946737382716115e-06
24018,5,0.9999933215337097,0.999971889380995,-4.955535557571444e-06
24018,6,0.9999933215337097,0.9999718909435856,-4.9528609940008295e-06
47,1,0.9999989097106002,0.7354940210037058,0.7354940210037058
47,2,0.9999989097106002,0.9999470407594511,0.7354787437264259
47,3,0.9999989097106002,0.9999774938206729,0.7252590889732056
47,4,0.9999989097106002,0.9995357512928018,0.7252590889732056
47,5,0.9999989097106002,0.9995357788553214,0.7252590889732056
47,6,0.9999989097106002,0.9995344984722084,0.7258691962460242
26806,1,0.9999785464191722,0.21393131420121758,0.21393131420121758
26806,2,0.9999785464191722,0.9999392694061895,0.21393131420121758
26806,3,0.9999785464191722,0.9999611751119639,0.9999392694061895
26806,4,0.9999785464191722,0.9999611763198738,0.9999392694061895
26806,5,0.9999785464191722,0.9997000389525252,0.9999400618569563
26806,6,0.9999785464191722,0.9997000389525252,0.9992006539757298
19990,1,0.9999998674774544,0.9995352672929926,0.0
19990,2,0.9999998674774544,0.9998168442489003,0.9995352672929926
19990,3,0.9999998674774544,0.9998168589847674,0.9995352672929926
19990,4,0.9999998674774544,0.9998168589847674,0.9995352672929926
19990,5,0.9999998674774544,0.9997506330406138,0.9995352672929926
19990,6,0.9999998674774544,0.9997506330406138,0.9999038707022238
13964,1,0.9999952489616161,0.9853778819503479,1.4903699385726554e-09
13964,2,0.9999952489616161,0.999992292301257,1.4290175709419373e-09
13964,3,0.9999952489616161,0.9999656865484985,5.941504167550349e-07
13964,4,0.9999952489616161,0.9999729083782196,-3.7265645473905096e-06
13964,5,0.9999952489616161,0.9986742513025173,-3.7262478347344086e-06
13964,6,0.9999952489616161,0.9995329468675614,-3.7265014025678056e-06
12603,1,0.9999988618750971,0.7389748032102699,-1.016244026819102e-06
12603,2,0.9999988618750971,0.9999480841256934,-1.0162708280470056e-06
12603,3,0.9999988618750971,0.9999776130394566,-1.0216944686947116e-06
12603,4,0.9999988618750971,0.9995433706585183,-9.274935149905517e-07
12603,5,0.9999988618750971,0.9995433878722781,-9.272139660509993e-07
12603,6,0.9999988618750971,0.9995356768747486,-9.26553160418564e-07
14259,1,0.999999867453786,0.9995350968645871,0.0
14259,2,0.999999867453786,0.9998167813378958,0.0
14259,3,0.999999867453786,0.9998167960788252,8.73974226323071e-11
14259,4,0.999999867453786,0.998400247351486,1.0458364174681378e-09
14259,5,0.999999867453786,0.998400247351486,1.1746531525247406e-09
14259,6,0.999999867453786,0.998400247351486,1.8186431249844759e-09
39921,1,0.9999988619011416,0.7389691850948228,-5.0353720748574915e-08
39921,2,0.9999988619011416,0.9999480830087039,-4.91779822420213e-08
39921,3,0.9999988619011416,0.999977612686323,4.213735760316695e-08
39921,4,0.9999988619011416,0.9995433587541046,4.443015533261985e-08
39921,5,0.9999988619011416,0.9995433759683152,4.598488789753219e-08
39921,6,0.9999988619011416,0.9995356641830391,4.6254506780307736e-08
11621,1,0.9999989064461691,0.7366666813714053,-2.6843627320971564e-10
11621,2,0.9999989064461691,0.9999472789157722,-2.6843627320971564e-10
11621,3,0.9999989064461691,0.9999775696126337,-2.5177859797054225e-11
11621,4,0.9999989064461691,0.999538376143762,-2.5177859797054225e-11
11621,5,0.9999989064461691,0.9995384035499547,0.7367304066221108
11621,6,0.9999989064461691,0.9995384035499547,0.7265711916668769
37607,1,0.9999953104087549,0.9806643994829716,1.8997199369152895e-09
37607,2,0.9999953104087549,0.999992116031315,1.8997199369152895e-09
37607,3,0.9999953104087549,0.9999646580701804,1.8997199369152895e-09
37607,4,0.9999953104087549,0.9999722312227287,1.8391218548075017e-09
37607,5,0.9999953104087549,0.9986540070753236,-3.686598548657827e-08
37607,6,0.9999953104087549,0.9995318150494819,-2.6165052187110405e-06
7875,1,0.9999768280653712,0.20689587947388943,-2.281745468757368e-05
7875,2,0.9999768280653712,0.9999236801608158,-2.2817476252323665e-05
7875,3,0.9999768280653712,0.999953884841679,-2.2818285421610796e-05
7875,4,0.9999768280653712,0.9999538708623676,-2.282062469183277e-05
7875,5,0.9999768280653712,0.999554939096541,-2.282060963254562e-05
7875,6,0.9999768280653712,0.999554956075855,-2.282060963254562e-05
36220,1,0.9999933183156471,0.20042480802477847,-5.417768363824571e-06
36220,2,0.9999933183156471,0.5975604613240417,-5.408477526169797e-06
36220,3,0.9999933183156471,0.9999414910648415,-6.563425567041037e-06
36220,4,0.9999933183156471,0.9999719160755867,-6.563425567041037e-06
36220,5,0.9999933183156471,0.9999719016401082,0.20782547236990057
36220,6,0.9999933183156471,0.9995293348370099,0.20776935750473413
734,1,0.931653855901921,0.22055072516206908,-0.008322972441869081
734,2,0.931653855901921,0.33919543297725974,-0.008322972441869081
734,3,0.931653855901921,-0.016046199389692983,-0.013207055470862206
734,4,0.931653855901921,0.3759774137399181,-0.0031874449147851758
734,5,0.931653855901921,0.37533001359244067,-0.06441568961287025
734,6,0.931653855901921,0.3756778860252121,-0.06416679938362824
21588,1,0.9999974913772676,0.7482334142313031,1.7408674501950827e-10
21588,2,0.9999974913772676,0.9999566972532404,1.7408674501950827e-10
21588,3,0.9999974913772676,0.9999680961887176,6.470990410178956e-11
21588,4,0.9999974913772676,0.9993714980550084,6.470990410178956e-11
21588,5,0.9999974913772676,0.9993715207508073,0.7482273685394008
21588,6,0.9999974913772676,0.9994625871294543,0.7482273685394008
18790,1,0.9999989101279273,0.7354780832717225,-4.5575598850433607e-10
18790,2,0.9999989101279273,0.8680136993840366,-4.5575598850433607e-10
18790,3,0.9999989101279273,0.9999774931630493,2.6187809243349847e-07
18790,4,0.9999989101279273,0.9995357159389281,1.40069206344684e-06
18790,5,0.9999989101279273,0.9995357435035754,1.40069206344684e-06
18790,6,0.9999989101279273,0.9995357435035754,1.4247817345935943e-06
6920,1,0.9999932712420974,0.20040678838858972,-1.4284672322784076e-07
6920,2,0.9999932712420974,0.29103244651464466,-1.0677940265324537e-07
6920,3,0.9999932712420974,0.8681199605061032,1.3003405463507534e-08
6920,4,0.9999932712420974,0.9999718670942466,2.1233895086680832e-08
6920,5,0.9999932712420974,0.9999718526574813,2.2049574277538397e-08
6920,6,0.9999932712420974,0.9995292241235293,2.1430615948503373e-08
56,1,0.9999933365219473,0.2004178726330691,0.0
56,2,0.9999933365219473,0.2910456513492341,-1.4146088778144161e-07
56,3,0.9999933365219473,0.8681302372680972,-1.9873687773230841e-07
56,4,0.9999933365219473,0.9999719335437968,-1.908445782516921e-07
56,5,0.9999933365219473,0.999530607694687,-1.9167459752722493e-07
56,6,0.9999933365219473,0.9995293284225149,-1.9167459752722493e-07
15245,1,0.9999991750834397,0.10202809561170023,5.384013384013286e-07
15245,2,0.9999991750834397,0.9999958806710295,6.114422732572677e-07
15245,3,0.9999991750834397,0.9763297048870395,6.22251126292106e-07
15245,4,0.9999991750834397,0.9763092280388918,6.289562555217287e-07
15245,5,0.9999991750834397,0.8810858126271688,6.192518221537213e-07
15245,6,0.9999991750834397,0.912635826514589,6.192518221537213e-07
30894,1,0.9999456986965589,0.3403720019505574,9.457187799544187e-08
30894,2,0.9999456986965589,0.8520213568168321,9.457187799544187e-08
30894,3,0.9999456986965589,0.8522770774734365,-1.0290991896422241e-06
30894,4,0.9999456986965589,0.8837826244757139,-1.593883074413327e-06
30894,5,0.9999456986965589,0.9999242668658349,-1.6098758892635345e-06
30894,6,0.9999456986965589,0.9999242668658349,-2.2850112529892996e-06
19545,1,0.8780452562812618,0.822755711212068,-0.0005486252270904268
19545,2,0.8780452562812618,0.8641778756955273,0.14696771110075035
19545,3,0.8780452562812618,0.8728283510030025,0.6794776048051842
19545,4,0.8780452562812618,0.8774681885429374,0.679912551174574
19545,5,0.8780452562812618,0.8774681885429374,0.8760373699225464
19545,6,0.8780452562812618,0.877893997905405,0.8776377237374109
21685,1,0.9999933193386333,0.20034971093791631,0.0
21685,2,0.9999933193386333,0.5974354175775585,0.0
21685,3,0.9999933193386333,0.6818840050016077,8.155897956996228e-09
21685,4,0.9999933193386333,0.9999719091249154,4.305251694036727e-06
21685,5,0.9999933193386333,0.9995303497924043,4.305251694036727e-06
21685,6,0.9999933193386333,0.9995303773436894,-4.745226110380862e-06
13270,1,0.9999932627726842,0.2028508991953355,2.8989530285183918e-06
13270,2,0.9999932627726842,0.6015745749586026,2.8977778876448923e-06
13270,3,0.9999932627726842,0.6856059496279462,0.21147978224792552
13270,4,0.9999932627726842,0.9999721153614124,0.21041401860844766
13270,5,0.9999932627726842,0.999538953172117,0.29447717797548734
13270,6,0.9999932627726842,0.9995377289142393,0.293418337091359
1217,1,0.999998909015518,0.7354615677539972,-7.112178728174712e-07
1217,2,0.999998909015518,0.999947033338042,-7.112178728174712e-07
1217,3,0.999998909015518,0.9999774909234156,-7.106939303724857e-07
1217,4,0.999998909015518,0.999977492484981,-7.067234099045194e-07
1217,5,0.999998909015518,0.9995357044112647,-5.737486109547163e-07
1217,6,0.999998909015518,0.9995357044112647,-5.737486109547163e-07
31577,1,0.9999989100881399,0.735480278478582,2.624678092644217e-07
31577,2,0.9999989100881399,0.9999470383050862,3.8968754589863153e-07
31577,3,0.9999989100881399,0.9999774932713213,4.0124414013575915e-07
31577,4,0.9999989100881399,0.9995357208261817,4.0124414013575915e-07
31577,5,0.9999989100881399,0.9995357483905359,4.0124414013575915e-07
31577,6,0.9999989100881399,0.9995357483905359,3.957994001435594e-07
31624,1,0.9999699667003796,0.17800630356447644,-2.7767771082487513e-08
31624,2,0.9999699667003796,0.7114641622728013,-2.88457659296526e-05
31624,3,0.9999699667003796,0.7687439453540466,-2.884844982531387e-05
31624,4,0.9999699667003796,0.7691025819149945,-2.962601248124308e-05
31624,5,0.9999699667003796,0.999947550316854,-2.9636232593777123e-05
31624,6,0.9999699667003796,0.9994835701084122,-2.9636213054740068e-05
21873,1,0.9999989091251987,0.7354614570867084,0.0
21873,2,0.9999989091251987,0.9999470334238603,-4.5617543076303946e-10
21873,3,0.9999989091251987,0.9999774910252691,8.264616557784876e-08
21873,4,0.9999989091251987,0.9995356766810698,8.264616557784876e-08
21873,5,0.9999989091251987,0.9995357042479927,3.833514320428222e-07
21873,6,0.9999989091251987,0.9995357042479927,3.8547154324053423e-07
30881,1,0.9999952464249571,0.985403464542869,5.24586263317417e-10
30881,2,0.9999952464249571,0.999992294635881,0.9854190871654407
30881,3,0.9999952464249571,0.9999657012008286,0.9854363977401102
30881,4,0.9999952464249571,0.9999435259133754,0.7305857905819698
30881,5,0.9999952464249571,0.9999738791344612,0.72741599180761
30881,6,0.9999952464249571,0.9995337042441939,0.7267179447436363
8450,1,0.9999863824685724,0.25147268316551974,2.0386347513445813e-06
8450,2,0.9999863824685724,0.6362491088023887,1.900147202027469e-06
8450,3,0.9999863824685724,0.9999477210235138,1.8164218771321572e-06
8450,4,0.9999863824685724,0.9999553496592187,5.182842676254573e-06
8450,5,0.9999863824685724,0.9999553242850592,5.180721401765176e-06
8450,6,0.9999863824685724,0.999316081982555,3.7053572875533902e-06
5648,1,0.9999989703213827,0.7703682002933241,1.137609473289558e-08
5648,2,0.9999989703213827,0.9999473024508855,1.137609473289558e-08
5648,3,0.9999989703213827,0.9999775551596235,1.1758057083532947e-08
5648,4,0.9999989703213827,0.9995361568067889,2.3145487748621463e-08
5648,5,0.9999989703213827,0.9995361843487929,7.992414409185855e-07
5648,6,0.9999989703213827,0.9995361843487929,7.992414409185855e-07
13329,1,0.8234038105145017,0.31247739843245703,-4.4170075829685906e-05
13329,2,0.8234038105145017,0.7731393715227226,-4.4170075829685906e-05
13329,3,0.8234038105145017,0.8081377565051502,-0.009354264553308123
13329,4,0.8234038105145017,0.8228594876020763,-0.009354264553308123
13329,5,0.8234038105145017,0.8228594876020763,0.38000728831199093
13329,6,0.8234038105145017,0.822861641819499,0.7811003372386576
22364,1,0.8428059047671888,0.8426745733153955,-0.001586648065026952
22364,2,0.8428059047671888,0.8427326418647572,0.1532249340912084
22364,3,0.8428059047671888,0.8427728441941288,0.1532249340912084
22364,4,0.8428059047671888,0.8421084218500364,0.1532249340912084
22364,5,0.8428059047671888,0.8421084218500364,0.1532249340912084
22364,6,0.8428059047671888,0.8421084493064339,0.16487828193241016
27660,1,0.9999981839898441,0.780987916680721,-1.5696969174472386e-06
27660,2,0.9999981839898441,0.9999209606796059,-1.5696969174472386e-06
27660,3,0.9999981839898441,0.9945491459627166,-1.5718839310174815e-06
27660,4,0.9999981839898441,0.998294017864137,-1.581375689840847e-06
27660,5,0.9999981839898441,0.9982941396422402,-1.581414773021983e-06
27660,6,0.9999981839898441,0.9982894204155385,-1.5031254200215116e-06
38111,1,0.9999989083713944,0.7360412817622476,-2.6796354024583025e-10
38111,2,0.9999989083713944,0.9999471521417189,8.44390347420898e-07
38111,3,0.9999989083713944,0.9999775293840804,8.453575438549521e-07
38111,4,0.9999989083713944,0.9995369773783186,8.453575438549521e-07
38111,5,0.9999989083713944,0.999537004867828,0.8694513687199398
38111,6,0.9999989083713944,0.999537004867828,0.8689475532591335
34116,1,0.9999952524715747,0.9853471850272206,-1.95979555583925e-07
34116,2,0.9999952524715747,0.9999922899664979,-1.95979555583925e-07
34116,3,0.9999952524715747,0.999965669458745,-2.3146733096890415e-07
34116,4,0.9999952524715747,0.9999728961325411,-2.3169585405824478e-07
34116,5,0.9999952524715747,0.9999738349156652,-2.3175415098108942e-07
34116,6,0.9999952524715747,0.9995320386143669,-3.952799421447217e-06
11503,1,0.9999812589638961,0.18121651988715026,0.0
11503,2,0.9999812589638961,0.9999235703706324,-4.924269700889994e-07
11503,3,0.9999812589638961,0.9999577386827588,-4.924269700889994e-07
11503,4,0.9999812589638961,0.9999577404864605,-1.845060830962808e-05
11503,5,0.9999812589638961,0.9999577404864605,-1.845060830962808e-05
11503,6,0.9999812589638961,0.9999509822674798,-1.845924345478256e-05
11230,1,0.7195820633210376,0.5302845979180143,-0.00638299458370073
11230,2,0.7195820633210376,0.7195581774684898,-0.1292782178421642
11230,3,0.7195820633210376,0.719567039321317,-0.12928430802598956
11230,4,0.7195820633210376,0.7190621888800659,-0.12915753928669305
11230,5,0.7195820633210376,0.7190622099926778,-0.1297991308581783
11230,6,0.7195820633210376,0.7190610985107049,-0.12978655131442662
11358,1,0.8078770833160572,0.011002072607000146,0.0
11358,2,0.8078770833160572,0.8078246311954163,-0.005018870920989182
11358,3,0.8078770833160572,0.8078226152967639,-0.010184634155549155
11358,4,0.8078770833160572,0.8067485271479466,-0.010179511401934072
11358,5,0.8078770833160572,0.8067485844159521,-0.010240166669443718
11358,6,0.8078770833160572,0.8067485844159521,0.010587577001206827
5670,1,0.9994590964026238,0.9994590945577734,2.1133218337077153e-05
5670,2,0.9994590964026238,0.691996619101535,0.9994590946223518
5670,3,0.9994590964026238,0.9981286169844991,0.9994590946223518
5670,4,0.9994590964026238,0.997976234191822,0.9994590946223518
5670,5,0.9994590964026238,0.9979734954817772,0.9994590946223518
5670,6,0.9994590964026238,0.9979734954817772,0.9994590945936855
22249,1,0.9999702720278556,0.18082605543085628,2.202462212608225e-09
22249,2,0.9999702720278556,0.7123110921182576,5.3070198124949286e-08
22249,3,0.9999702720278556,0.7127310932862443,1.1412058398274638e-07
22249,4,0.9999702720278556,0.9999187541071662,1.1383317877200483e-07
22249,5,0.9999702720278556,0.9999485751098856,-1.514174054906281e-05
22249,6,0.9999702720278556,0.9999485766917795,-1.514174054906281e-05
37195,1,0.9999796962159075,0.2047999292038747,0.2047999292038747
37195,2,0.9999796962159075,0.9999342479078958,0.2036542986329194
37195,3,0.9999796962159075,0.9999603445403683,0.18452018721551244
37195,4,0.9999796962159075,0.9999603329153383,0.18452018721551244
37195,5,0.9999796962159075,0.9999603343544771,0.18259615207793112
37195,6,0.9999796962159075,0.9999603343544771,0.16790344338886354
36849,1,0.9999998652951921,0.9993936320225345,1.681099703887412e-12
36849,2,0.9999998652951921,0.9997576249354257,-1.816458095049711e-11
36849,3,0.9999998652951921,0.999757644431964,9.992460447971752e-08
36849,4,0.9999998652951921,0.9979514953188972,9.632064457143485e-08
36849,5,0.9999998652951921,0.9979514953188972,9.759118102525832e-08
36849,6,0.9999998652951921,0.9979514953188972,-8.622952640813253e-08
1051,1,0.9997689265507685,0.9611097711863338,0.0010304983043903926
1051,2,0.9997689265507685,0.10572626829250087,0.0010308989768085253
1051,3,0.9997689265507685,0.9877309314727962,0.0010308587900227373
1051,4,0.9997689265507685,0.9877042055715091,0.0019330220917403995
1051,5,0.9997689265507685,0.9960773189434896,0.9997656219436453
1051,6,0.9997689265507685,0.9960776630364776,0.9997656219436453
33672,1,0.9999952507679326,0.9853622225611257,1.893224272120353e-05
33672,2,0.9999952507679326,0.9999922911259435,1.8932081797484734e-05
33672,3,0.9999952507679326,0.9999656778427677,1.8943368982005104e-05
33672,4,0.9999952507679326,0.9999729021444402,1.908675866912901e-05
33672,5,0.9999952507679326,0.9999729112003385,1.913007120868393e-05
33672,6,0.9999952507679326,0.9999738321988516,1.1987141845803961e-07
3923,1,0.9999672482914365,0.19070425255369983,0.0
3923,2,0.9999672482914365,0.7505428269840791,0.0
3923,3,0.9999672482914365,0.7509361058724608,3.947835777506903e-05
3923,4,0.9999672482914365,0.80654028875541,3.920227402298693e-05
3923,5,0.9999672482914365,0.9999458160452895,3.9293931269890336e-05
3923,6,0.9999672482914365,0.9999458160452895,3.92982227452876e-05
22566,1,0.9999989083690373,0.7356203398186837,-4.564914002358478e-10
22566,2,0.9999989083690373,0.999947065444978,-2.1370272218490527e-10
22566,3,0.9999989083690373,0.9999775009983487,1.2431387030886754e-09
22566,4,0.9999989083690373,0.9995360334123321,2.640630354378004e-07
22566,5,0.9999989083690373,0.9995360609579907,2.640630354378004e-07
22566,6,0.9999989083690373,0.9995360609579907,2.769304487948432e-07
32025,1,0.9999988611202281,0.7392098769642783,-1.0168993399561899e-06
32025,2,0.9999988611202281,0.9999481311889061,-1.0168993399561899e-06
32025,3,0.9999988611202281,0.9999776281488457,-1.016709281542738e-06
32025,4,0.9999988611202281,0.9999776296969145,0.2219149967094599
32025,5,0.9999988611202281,0.99954388616223,0.2187691351872999
32025,6,0.9999988611202281,0.9995362081025707,0.21875356240062294
14880,1,0.9999805287851196,0.1922976629836246,2.4473245582301573e-06
14880,2,0.9999805287851196,0.9999291372769785,2.4473245582301573e-06
14880,3,0.9999805287851196,0.9999592435314074,2.166049221652422e-06
14880,4,0.9999805287851196,0.9999592451353151,2.166049221652422e-06
14880,5,0.9999805287851196,0.999610808060008,1.99817547485992e-06
14880,6,0.9999805287851196,0.999610808060008,2.388015119314524e-06
16677,1,0.9999998675033108,0.9995347837559261,6.395937113268246e-10
16677,2,0.9999998675033108,0.99981666582115,-4.0478942420207886e-10
16677,3,0.9999998675033108,0.9998166805713825,-4.243080331534088e-10
16677,4,0.9999998675033108,0.9983987729541027,-2.819938726972282e-10
16677,5,0.9999998675033108,0.9983987729541027,1.8331568485407956e-09
16677,6,0.9999998675033108,0.9983987729541027,1.8331568485407956e-09
13744,1,0.999999867745984,0.9995347338631165,9.543519308152781e-10
13744,2,0.999999867745984,0.9998166475625394,3.0853993804313973e-09
13744,3,0.999999867745984,0.9998166623142613,3.738715670387194e-09
13744,4,0.999999867745984,0.9983985371094447,3.8608000130224696e-09
13744,5,0.999999867745984,0.9983985371094447,3.8608000130224696e-09
13744,6,0.999999867745984,0.9983985371094447,-1.0375778336513264e-07
